path,category,theme,dependencies,parameters,num_dependencies,num_parameters,ignored_dependencies,ignored_parameters,errors,export_name
metacatui-es6/src/js/views/CitationListView.js,view,,"['jquery', 'underscore', 'backbone', 'collections/Citations', 'views/CitationView']","['$', '_', 'Backbone', 'Citations', 'CitationView']",5,5,[],[],[],CitationListView
metacatui-es6/src/js/views/DataPackageView.js,view,,"['jquery', 'underscore', 'backbone', 'localforage', 'collections/DataPackage', 'models/DataONEObject', 'models/metadata/ScienceMetadata', 'models/metadata/eml211/EML211', 'views/DataItemView', 'text!templates/dataPackage.html', 'text!templates/dataPackageStart.html']","['$', '_', 'Backbone', 'LocalForage', 'DataPackage', 'DataONEObject', 'ScienceMetadata', 'EML211', 'DataItemView', 'DataPackageTemplate', 'DataPackageStartTemplate']",11,11,[],[],[],DataPackageView
metacatui-es6/src/js/views/MarkdownView.js,view,,"['jquery', 'underscore', 'backbone', 'showdown', 'text!templates/markdown.html', 'text!templates/loading.html']","['$', '_', 'Backbone', 'showdown', 'markdownTemplate', 'LoadingTemplate']",6,6,[],[],[],MarkdownView
metacatui-es6/src/js/views/RegisterCitationView.js,view,,"['jquery', 'underscore', 'backbone', 'common/Utilities', 'text!templates/registerCitation.html']","['$', '_', 'Backbone', 'Utilities', 'RegisterCitationTemplate']",5,5,[],[],[],RegisterCitationView
metacatui-es6/src/js/views/StatsView.js,view,,"['jquery', 'underscore', 'backbone', 'd3', 'LineChart', 'BarChart', 'DonutChart', 'CircleBadge', 'collections/Citations', 'models/MetricsModel', 'models/Stats', 'MetricsChart', 'views/CitationListView', 'text!templates/metricModalTemplate.html', 'text!templates/profile.html', 'text!templates/alert.html', 'text!templates/loading.html', 'text!templates/loading-metrics.html']","['$', '_', 'Backbone', 'd3', 'LineChart', 'BarChart', 'DonutChart', 'CircleBadge', 'Citations', 'MetricsModel', 'StatsModel', 'MetricsChart', 'CitationList', 'MetricModalTemplate', 'profileTemplate', 'AlertTemplate', 'LoadingTemplate', 'MetricsLoadingTemplate']",18,18,[],[],[],StatsView
metacatui-es6/src/js/views/NavbarView.js,view,,"['jquery', 'underscore', 'backbone', 'views/SignInView', 'text!templates/navbar.html']","['$', '_', 'Backbone', 'SignInView', 'NavbarTemplate']",5,5,[],[],[],NavbarView
metacatui-es6/src/js/views/MainContentView.js,view,,"['jquery', 'underscore', 'backbone', 'text!templates/mainContent.html']","['$', '_', 'Backbone', 'MainContentTemplate']",4,4,[],[],[],MainContentView
metacatui-es6/src/js/views/GroupListView.js,view,,"['jquery', 'underscore', 'backbone', 'collections/UserGroup', 'models/UserModel', 'views/PagerView']","['$', '_', 'Backbone', 'UserGroup', 'UserModel', 'PagerView']",6,6,[],[],[],GroupListView
metacatui-es6/src/js/views/MetricsChartView.js,view,,"['jquery', 'underscore', 'backbone', 'd3']","['$', '_', 'Backbone', 'd3']",4,4,[],[],[],d
metacatui-es6/src/js/views/ImageUploaderView.js,view,,"['underscore', 'jquery', 'backbone', 'models/DataONEObject', 'collections/ObjectFormats', 'Dropzone', 'text!templates/imageUploader.html', 'corejs']","['_', '$', 'Backbone', 'DataONEObject', 'ObjectFormats', 'Dropzone', 'Template', 'corejs']",8,8,[],[],[],ImageUploaderView
metacatui-es6/src/js/views/MarkdownEditorView.js,view,,"['underscore', 'jquery', 'backbone', 'woofmark', 'models/metadata/eml220/EMLText', 'views/ImageUploaderView', 'views/MarkdownView', 'views/TableEditorView', 'text!templates/markdownEditor.html']","['_', '$', 'Backbone', 'Woofmark', 'EMLText', 'ImageUploader', 'MarkdownView', 'TableEditor', 'Template']",9,9,[],[],[],MarkdownEditorView
metacatui-es6/src/js/views/TextView.js,view,,"['jquery', 'underscore', 'backbone', 'text!templates/alert.html', 'text!templates/about.html', 'text!templates/api.html', 'text!templates/tools.html', 'text!templates/help-searchTips.html', 'text!templates/content/signin-help.html']","['$', '_', 'Backbone', 'AlertTemplate', 'AboutTemplate', 'APITemplate', 'ToolsTemplate', 'SearchTipsTemplate', 'SignInHelpTemplate']",9,9,[],[],[],TextView
metacatui-es6/src/js/views/AltHeaderView.js,view,,"['jquery', 'underscore', 'backbone', 'text!templates/altHeader.html', 'text!templates/defaultHeader.html']","['$', '_', 'Backbone', 'AltHeaderTemplate', 'DefaultHeaderTemplate']",5,5,[],[],[],AltHeaderView
metacatui-es6/src/js/views/FooterView.js,view,,"['jquery', 'underscore', 'backbone', 'text!templates/footer.html']","['$', '_', 'Backbone', 'FooterTemplate']",4,4,[],[],[],FooterView
metacatui-es6/src/js/views/ColorPaletteView.js,view,,"['underscore', 'jquery', 'backbone']","['_', '$', 'Backbone']",3,3,[],[],[],ColorPaletteView
metacatui-es6/src/js/views/FeaturedDataView.js,view,,"['jquery', 'underscore', 'backbone', 'text!templates/featuredData.html']","['$', '_', 'Backbone', 'FeaturedDataTemplate']",4,4,[],[],[],FeaturedDataView
metacatui-es6/src/js/views/TableEditorView.js,view,,"['underscore', 'jquery', 'backbone', 'markdownTableFromJson', 'markdownTableToJson', 'text!templates/tableEditor.html']","['_', '$', 'Backbone', 'markdownTableFromJson', 'markdownTableToJson', 'Template']",6,6,[],[],[],TableEditorView
metacatui-es6/src/js/views/PackageTableView.js,view,,"['jquery', 'underscore', 'backbone', 'models/PackageModel', 'views/DownloadButtonView', 'text!templates/downloadContents.html']","['$', '_', 'Backbone', 'Package', 'DownloadButtonView', 'Template']",6,6,[],[],[],PackageTable
metacatui-es6/src/js/views/MetricView.js,view,,"['jquery', 'underscore', 'backbone', 'views/MetricModalView']","['$', '_', 'Backbone', 'MetricModalView']",4,4,[],[],[],MetricView
metacatui-es6/src/js/views/MapsView.js,view,,"['jquery', 'underscore', 'backbone', 'gmaps', 'nGeohash', 'text!templates/maps.html']","['$', '_', 'Backbone', 'gmaps', 'nGeohash', 'mapsTemplate']",6,6,[],[],[],mapsView
metacatui-es6/src/js/views/AppView.js,view,,"['jquery', 'underscore', 'backbone', 'views/AltHeaderView', 'views/NavbarView', 'views/FooterView', 'views/SignInView', 'text!templates/alert.html', 'text!templates/appHead.html', 'text!templates/jsonld.txt', 'text!templates/app.html', 'text!templates/loading.html']","['$', '_', 'Backbone', 'AltHeaderView', 'NavbarView', 'FooterView', 'SignInView', 'AlertTemplate', 'AppHeadTemplate', 'JsonLDTemplate', 'AppTemplate', 'LoadingTemplate']",12,12,[],[],[],AppView
metacatui-es6/src/js/views/LineChartView.js,view,,"['jquery', 'underscore', 'backbone', 'd3']","['$', '_', 'Backbone', 'd3']",4,4,[],[],[],xPos
metacatui-es6/src/js/views/CircleBadgeView.js,view,,"['jquery', 'underscore', 'backbone', 'd3']","['$', '_', 'Backbone', 'd3']",4,4,[],[],[],CircleBadgeView
metacatui-es6/src/js/views/SignInView.js,view,,"['jquery', 'underscore', 'backbone', 'text!templates/login.html', 'text!templates/alert.html', 'text!templates/loginButtons.html', 'text!templates/loginOptions.html', 'text!templates/login-ldap.html']","['$', '_', 'Backbone', 'LoginTemplate', 'AlertTemplate', 'LoginButtonsTemplate', 'LoginOptionsTemplate', 'LdapLoginTemplate']",8,8,[],[],[],SignInView
metacatui-es6/src/js/views/DownloadButtonView.js,view,,"['jquery', 'underscore', 'backbone', 'models/SolrResult']","['$', '_', 'Backbone', 'SolrResult', 'template']",4,5,[None],[],[],DownloadButtonView
metacatui-es6/src/js/views/DatasetView.js,view,,"['underscore', 'jquery', 'backbone', 'models/DataONEObject', 'models/metadata/ScienceMetadata', 'models/metadata/eml211/EML211', 'views/metadata/EML211View', 'text!templates/metadata.html']","['_', '$', 'Backbone', 'DataONEObject', 'ScienceMetadata', 'EML', 'EMLView', 'Template']",8,8,[],[],[],DatasetView
metacatui-es6/src/js/views/DataCatalogViewWithFilters.js,view,,"['jquery', 'underscore', 'backbone', 'gmaps', 'collections/Filters', 'collections/SolrResults', 'models/filters/FilterGroup', 'models/filters/SpatialFilter', 'models/Stats', 'views/DataCatalogView', 'views/filters/FilterGroupsView', 'text!templates/dataCatalog.html', 'nGeohash']","['$', '_', 'Backbone', 'gmaps', 'Filters', 'SearchResults', 'FilterGroup', 'SpatialFilter', 'Stats', 'DataCatalogView', 'FilterGroupsView', 'template', 'nGeohash']",13,13,[],[],[],DataCatalogViewWithFilters
metacatui-es6/src/js/views/AccessPolicyView.js,view,,"['underscore', 'jquery', 'backbone', 'models/AccessRule', 'collections/AccessPolicy', 'views/AccessRuleView', 'text!templates/accessPolicy.html', 'text!templates/filters/toggleFilter.html']","['_', '$', 'Backbone', 'AccessRule', 'AccessPolicy', 'AccessRuleView', 'Template', 'ToggleTemplate']",8,8,[],[],[],AccessPolicyView
metacatui-es6/src/js/views/UserGroupView.js,view,,"['jquery', 'underscore', 'backbone', 'collections/UserGroup', 'views/GroupListView', 'text!templates/userGroup.html', 'text!templates/alert.html']","['$', '_', 'Backbone', 'UserGroup', 'GroupListView', 'Template', 'AlertTemplate']",7,7,[],[],[],UserGroupView
metacatui-es6/src/js/views/CitationView.js,view,,"['jquery', 'underscore', 'backbone', 'models/CitationModel', 'text!templates/citations/citationAPA.html', 'text!templates/citations/citationFullArchived.html', 'text!templates/citations/citationAPAInText.html', 'text!templates/citations/citationAPAInTextArchived.html']","['$', '_', 'Backbone', 'CitationModel', 'APATemplate', 'ArchivedTemplate', 'APAInTextTemplate', 'InTextArchivedTemplate']",8,8,[],[],[],CitationView
metacatui-es6/src/js/views/UserView.js,view,,"['jquery', 'underscore', 'backbone', 'clipboard', 'collections/UserGroup', 'models/UserModel', 'models/Stats', 'views/SignInView', 'views/StatsView', 'views/DataCatalogView', 'views/UserGroupView', 'text!templates/userProfile.html', 'text!templates/alert.html', 'text!templates/loading.html', 'text!templates/userProfileMenu.html', 'text!templates/userSettings.html', 'text!templates/noResults.html']","['$', '_', 'Backbone', 'Clipboard', 'UserGroup', 'UserModel', 'Stats', 'SignInView', 'StatsView', 'DataCatalogView', 'UserGroupView', 'userProfileTemplate', 'AlertTemplate', 'LoadingTemplate', 'ProfileMenuTemplate', 'SettingsTemplate', 'NoResultsTemplate']",17,17,[],[],[],UserView
metacatui-es6/src/js/views/MdqRunView.js,view,,"['jquery', 'underscore', 'backbone', 'd3', 'models/SolrResult', 'DonutChart', 'views/CitationView', 'text!templates/mdqRun.html', 'text!templates/mdqSuites.html', 'text!templates/loading-metrics.html', 'collections/QualityReport']","['$', '_', 'Backbone', 'd3', 'SolrResult', 'DonutChart', 'CitationView', 'MdqRunTemplate', 'SuitesTemplate', 'LoadingTemplate', 'QualityReport']",11,11,[],[],[],MdqRunView
metacatui-es6/src/js/views/DataPreviewView.js,view,,"['underscore', 'jquery', 'backbone', 'models/DataONEObject']","['_', '$', 'Backbone', 'DataONEObject']",4,4,[],[],[],DataPreviewView
metacatui-es6/src/js/views/EditorView.js,view,,"['underscore', 'jquery', 'backbone', 'views/SignInView', 'text!templates/editorSubmitMessage.html']","['_', '$', 'Backbone', 'SignInView', 'EditorSubmitMessageTemplate']",5,5,[],[],[],EditorView
metacatui-es6/src/js/views/AnnotationView.js,view,,"['jquery', 'underscore', 'backbone', 'text!templates/bioportalAnnotationTemplate.html']","['$', '_', 'Backbone', 'AnnotationPopoverTemplate']",4,4,[],[],[],AnnotationView
metacatui-es6/src/js/views/DraftsView.js,view,,"['jquery', 'underscore', 'backbone', 'localforage', 'clipboard', 'text!templates/draftsTemplate.html']","['$', '_', 'Backbone', 'LocalForage', 'Clipboard', 'draftsTemplate']",6,6,[],[],[],view
metacatui-es6/src/js/views/LdapView.js,view,,"['jquery', 'underscore', 'backbone', 'bootstrap', 'recaptcha', 'text!templates/loading.html']","['$', '_', 'Backbone', 'BootStrap', 'Recaptcha', 'LoadingTemplate']",6,6,[],[],[],LdapView
metacatui-es6/src/js/views/ProvEntitySelectView.js,view,,"['jquery', 'underscore', 'backbone', 'text!templates/provEntitySelect.html']","['$', '_', 'Backbone', 'provEntitySelectTemplate']",4,4,[],[],[],true
metacatui-es6/src/js/views/AccessRuleView.js,view,,"['underscore', 'jquery', 'backbone', 'models/AccessRule']","['_', '$', 'Backbone', 'AccessRule']",4,4,[],[],[],AccessRuleView
metacatui-es6/src/js/views/DataItemView.js,view,,"['underscore', 'jquery', 'backbone', 'models/DataONEObject', 'models/metadata/eml211/EML211', 'models/metadata/eml211/EMLOtherEntity', 'text!templates/dataItem.html']","['_', '$', 'Backbone', 'DataONEObject', 'EML', 'EMLOtherEntity', 'DataItemTemplate']",7,7,[],[],[],DataItemView
metacatui-es6/src/js/views/MetadataView.js,view,,"['jquery', 'jqueryui', 'underscore', 'backbone', 'gmaps', 'fancybox', 'clipboard', 'collections/DataPackage', 'models/DataONEObject', 'models/PackageModel', 'models/SolrResult', 'models/metadata/ScienceMetadata', 'models/MetricsModel', 'common/Utilities', 'views/DownloadButtonView', 'views/ProvChartView', 'views/MetadataIndexView', 'views/ExpandCollapseListView', 'views/ProvStatementView', 'views/PackageTableView', 'views/CitationHeaderView', 'views/citations/CitationModalView', 'views/AnnotationView', 'views/MarkdownView', 'text!templates/metadata/metadata.html', 'text!templates/dataSource.html', 'text!templates/publishDOI.html', 'text!templates/newerVersion.html', 'text!templates/loading.html', 'text!templates/metadataControls.html', 'text!templates/metadataInfoIcons.html', 'text!templates/alert.html', 'text!templates/editMetadata.html', 'text!templates/dataDisplay.html', 'text!templates/map.html', 'text!templates/annotation.html', 'text!templates/metaTagsHighwirePress.html', 'uuid', 'views/MetricView']","['$', '$ui', '_', 'Backbone', 'gmaps', 'fancybox', 'Clipboard', 'DataPackage', 'DataONEObject', 'Package', 'SolrResult', 'ScienceMetadata', 'MetricsModel', 'Utilities', 'DownloadButtonView', 'ProvChart', 'MetadataIndex', 'ExpandCollapseList', 'ProvStatement', 'PackageTable', 'CitationHeaderView', 'CitationModalView', 'AnnotationView', 'MarkdownView', 'MetadataTemplate', 'DataSourceTemplate', 'PublishDoiTemplate', 'VersionTemplate', 'LoadingTemplate', 'ControlsTemplate', 'MetadataInfoIconsTemplate', 'AlertTemplate', 'EditMetadataTemplate', 'DataDisplayTemplate', 'MapTemplate', 'AnnotationTemplate', 'metaTagsHighwirePressTemplate', 'uuid', 'MetricView']",39,39,[],[],[],test
metacatui-es6/src/js/views/ExpandCollapseListView.js,view,,"['jquery', 'underscore', 'backbone']","['$', '_', 'Backbone']",3,3,[],[],[],ExpandCollapseListView
metacatui-es6/src/js/views/PagerView.js,view,,['jquery'],['$'],1,1,[],[],[],PagerView
metacatui-es6/src/js/views/ProvChartView.js,view,,"['jquery', 'underscore', 'backbone', 'views/CitationView', 'views/ProvEntitySelectView', 'views/ProvStatementView']","['$', '_', 'Backbone', 'CitationView', 'ProvEntitySelectView', 'ProvStatement']",6,6,[],[],[],ProvChartView
metacatui-es6/src/js/views/CitationHeaderView.js,view,,"['jquery', 'underscore', 'backbone', 'views/CitationView', 'text!templates/citations/citationHeader.html']","['$', '_', 'Backbone', 'CitationView', 'HeaderTemplate']",5,5,[],[],[],CitationHeaderView
metacatui-es6/src/js/views/IndexView.js,view,,"['jquery', 'underscore', 'backbone', 'bootstrap', 'views/AltHeaderView', 'views/MainContentView', 'views/FeaturedDataView']","['$', '_', 'Backbone', 'Bootstrap', 'AltHeaderView', 'MainContentView', 'FeaturedDataView']",7,7,[],[],[],IndexView
metacatui-es6/src/js/views/MetadataIndexView.js,view,,"['jquery', 'underscore', 'backbone', 'gmaps', 'models/SolrResult', 'views/DownloadButtonView', 'text!templates/loading.html', 'text!templates/alert.html', 'text!templates/attribute.html', 'text!templates/dataDisplay.html']","['$', '_', 'Backbone', 'gmaps', 'SolrResult', 'DownloadButtonView', 'LoadingTemplate', 'alertTemplate', 'AttributeTemplate', 'DataDisplayTemplate']",10,10,[],[],[],MetadataIndexView
metacatui-es6/src/js/views/DataCatalogView.js,view,,"['jquery', 'underscore', 'backbone', 'collections/SolrResults', 'models/Search', 'models/MetricsModel', 'common/Utilities', 'views/SearchResultView', 'views/searchSelect/AnnotationFilterView', 'text!templates/search.html', 'text!templates/statCounts.html', 'text!templates/pager.html', 'text!templates/mainContent.html', 'text!templates/currentFilter.html', 'text!templates/loading.html', 'gmaps', 'nGeohash']","['$', '_', 'Backbone', 'SearchResults', 'SearchModel', 'MetricsModel', 'Utilities', 'SearchResultView', 'AnnotationFilter', 'CatalogTemplate', 'CountTemplate', 'PagerTemplate', 'MainContentTemplate', 'CurrentFilterTemplate', 'LoadingTemplate', 'gmaps', 'nGeohash']",17,17,[],[],[],DataCatalogView
metacatui-es6/src/js/views/ProvStatementView.js,view,,"['jquery', 'underscore', 'backbone', 'views/ExpandCollapseListView', 'text!templates/provStatement.html']","['$', '_', 'Backbone', 'ExpandCollapseList', 'ProvTemplate']",5,5,[],[],[],ProvStatementView
metacatui-es6/src/js/views/DonutChartView.js,view,,"['jquery', 'underscore', 'backbone', 'd3']","['$', '_', 'Backbone', 'd3']",4,4,[],[],[],transform
metacatui-es6/src/js/views/SearchResultView.js,view,,"['jquery', 'underscore', 'backbone', 'models/SolrResult', 'models/PackageModel', 'views/CitationView', 'text!templates/resultsItem.html']","['$', '_', 'Backbone', 'SolrResult', 'Package', 'CitationView', 'ResultItemTemplate']",7,7,[],[],[],SearchResultView
metacatui-es6/src/js/views/EditCollectionView.js,view,,"['underscore', 'jquery', 'backbone', 'models/Map', 'models/CollectionModel', 'models/Search', 'views/DataCatalogViewWithFilters', 'views/queryBuilder/QueryBuilderView', 'text!templates/editCollection.html']","['_', '$', 'Backbone', 'Map', 'CollectionModel', 'Search', 'DataCatalogViewWithFilters', 'QueryBuilder', 'Template']",9,9,[],[],[],EditCollectionView
metacatui-es6/src/js/views/MetricModalView.js,view,,"['jquery', 'underscore', 'backbone', 'MetricsChart', 'text!templates/metricModalTemplate.html', 'collections/Citations', 'views/CitationListView', 'views/SignInView']","['$', '_', 'Backbone', 'MetricsChart', 'MetricModalTemplate', 'Citations', 'CitationList', 'SignInView']",8,8,[],[],[],MetricModalView
metacatui-es6/src/js/views/TOCView.js,view,,"['jquery', 'underscore', 'backbone', 'text!templates/tableOfContentsLi.html', 'text!templates/tableOfContentsUL.html', 'text!templates/tableOfContents.html']","['$', '_', 'Backbone', 'TOCTemplateLi', 'TOCTemplateUl', 'TOCTemplate']",6,6,[],[],[],TOCView
metacatui-es6/src/js/views/BarChartView.js,view,,"['jquery', 'underscore', 'backbone', 'd3']","['$', '_', 'Backbone', 'd3']",4,4,[],[],[],xPos
metacatui-es6/src/js/views/maps/LegendView.js,view,,"['jquery', 'underscore', 'backbone', 'd3', 'models/maps/AssetColorPalette', 'text!templates/maps/legend.html']","['$', '_', 'Backbone', 'd3', 'AssetColorPalette', 'Template']",6,6,[],[],[],LegendView
metacatui-es6/src/js/views/maps/LayerDetailsView.js,view,,"['jquery', 'underscore', 'backbone', 'models/maps/assets/MapAsset', 'text!templates/maps/layer-details.html', 'views/maps/LayerDetailView', 'views/maps/LayerOpacityView', 'views/maps/LayerInfoView', 'views/maps/LayerNavigationView', 'views/maps/LegendView']","['$', '_', 'Backbone', 'MapAsset', 'Template', 'LayerDetailView', 'LayerOpacityView', 'LayerInfoView', 'LayerNavigationView', 'LegendView']",10,10,[],[],[],LayerDetailsView
metacatui-es6/src/js/views/maps/CesiumWidgetView.js,view,,"['jquery', 'underscore', 'backbone', 'cesium', 'models/maps/Map', 'models/maps/assets/MapAsset', 'models/maps/assets/Cesium3DTileset', 'models/maps/Feature', 'text!templates/maps/cesium-widget-view.html']","['$', '_', 'Backbone', 'Cesium', 'Map', 'MapAsset', 'Cesium3DTileset', 'Feature', 'Template']",9,9,[],[],[],CesiumWidgetView
metacatui-es6/src/js/views/maps/LayerListView.js,view,,"['jquery', 'underscore', 'backbone', 'text!templates/maps/layer-list.html', 'views/maps/LayerItemView']","['$', '_', 'Backbone', 'Template', 'LayerItemView']",5,5,[],[],[],LayerListView
metacatui-es6/src/js/views/maps/ScaleBarView.js,view,,"['jquery', 'underscore', 'backbone', 'text!templates/maps/scale-bar.html']","['$', '_', 'Backbone', 'Template']",4,4,[],[],[],ScaleBarView
metacatui-es6/src/js/views/maps/LayerInfoView.js,view,,"['jquery', 'underscore', 'backbone', 'models/maps/assets/MapAsset', 'text!templates/maps/layer-info.html']","['$', '_', 'Backbone', 'MapAsset', 'Template']",5,5,[],[],[],LayerInfoView
metacatui-es6/src/js/views/maps/ToolbarView.js,view,,"['jquery', 'underscore', 'backbone', 'text!templates/maps/toolbar.html', 'models/maps/Map', 'views/maps/LayerListView']","['$', '_', 'Backbone', 'Template', 'Map', 'LayerListView']",6,6,[],[],[],ToolbarView
metacatui-es6/src/js/views/maps/LayerNavigationView.js,view,,"['jquery', 'underscore', 'backbone', 'models/maps/assets/MapAsset', 'text!templates/maps/layer-navigation.html']","['$', '_', 'Backbone', 'MapAsset', 'Template']",5,5,[],[],[],LayerNavigationView
metacatui-es6/src/js/views/maps/LayerDetailView.js,view,,"['jquery', 'underscore', 'backbone', 'models/maps/assets/MapAsset', 'text!templates/maps/layer-detail.html']","['$', '_', 'Backbone', 'MapAsset', 'Template']",5,5,[],[],[],LayerDetailView
metacatui-es6/src/js/views/maps/LayerItemView.js,view,,"['jquery', 'underscore', 'backbone', 'models/maps/assets/MapAsset', 'text!templates/maps/layer-item.html', 'views/maps/LegendView']","['$', '_', 'Backbone', 'MapAsset', 'Template', 'Legend']",6,6,[],[],[],LayerItemView
metacatui-es6/src/js/views/maps/FeatureInfoView.js,view,,"['jquery', 'underscore', 'backbone', 'models/maps/Feature', 'text!templates/maps/feature-info/feature-info.html']","['$', '_', 'Backbone', 'Feature', 'Template']",5,5,[],[],[],FeatureInfoView
metacatui-es6/src/js/views/maps/MapView.js,view,,"['jquery', 'underscore', 'backbone', 'models/maps/Map', 'text!templates/maps/map.html', 'views/maps/CesiumWidgetView', 'views/maps/ToolbarView', 'views/maps/ScaleBarView', 'views/maps/FeatureInfoView', 'views/maps/LayerDetailsView', 'text!/css/map-view.css']","['$', '_', 'Backbone', 'Map', 'Template', 'CesiumWidgetView', 'ToolbarView', 'ScaleBarView', 'FeatureInfoView', 'LayerDetailsView', 'MapCSS']",11,11,[],[],[],MapView
metacatui-es6/src/js/views/maps/LayerOpacityView.js,view,,"['jquery', 'underscore', 'backbone', 'models/maps/assets/MapAsset', 'text!templates/maps/layer-opacity.html']","['$', '_', 'Backbone', 'MapAsset', 'Template']",5,5,[],[],[],LayerOpacityView
metacatui-es6/src/js/views/filters/NumericFilterView.js,view,,"['jquery', 'underscore', 'backbone', 'models/filters/NumericFilter', 'views/filters/FilterView', 'text!templates/filters/numericFilter.html']","['$', '_', 'Backbone', 'NumericFilter', 'FilterView', 'Template']",6,6,[],[],[],NumericFilterView
metacatui-es6/src/js/views/filters/ChoiceFilterView.js,view,,"['jquery', 'underscore', 'backbone', 'models/filters/ChoiceFilter', 'views/filters/FilterView', 'text!templates/filters/choiceFilter.html']","['$', '_', 'Backbone', 'ChoiceFilter', 'FilterView', 'Template']",6,6,[],[],[],ChoiceFilterView
metacatui-es6/src/js/views/filters/FilterGroupView.js,view,,"['jquery', 'underscore', 'backbone', 'models/filters/FilterGroup', 'views/filters/FilterView', 'views/filters/BooleanFilterView', 'views/filters/ChoiceFilterView', 'views/filters/DateFilterView', 'views/filters/NumericFilterView', 'views/filters/ToggleFilterView', 'views/searchSelect/AnnotationFilterView', 'views/searchSelect/SearchableSelectView', 'views/filters/SemanticFilterView']","['$', '_', 'Backbone', 'FilterGroup', 'FilterView', 'BooleanFilterView', 'ChoiceFilterView', 'DateFilterView', 'NumericFilterView', 'ToggleFilterView', 'AnnotationFilterView', 'SearchableSelectView', 'SemanticFilterView']",13,13,[],[],[],FilterGroupView
metacatui-es6/src/js/views/filters/FilterView.js,view,,"['jquery', 'underscore', 'backbone', 'models/filters/Filter', 'text!templates/filters/filter.html', 'text!templates/filters/filterLabel.html']","['$', '_', 'Backbone', 'Filter', 'Template', 'LabelTemplate']",6,6,[],[],[],FilterView
metacatui-es6/src/js/views/filters/BooleanFilterView.js,view,,"['jquery', 'underscore', 'backbone', 'models/filters/BooleanFilter', 'views/filters/FilterView', 'text!templates/filters/booleanFilter.html']","['$', '_', 'Backbone', 'BooleanFilter', 'FilterView', 'Template']",6,6,[],[],[],BooleanFilterView
metacatui-es6/src/js/views/filters/DateFilterView.js,view,,"['jquery', 'underscore', 'backbone', 'models/filters/DateFilter', 'views/filters/FilterView', 'text!templates/filters/dateFilter.html']","['$', '_', 'Backbone', 'DateFilter', 'FilterView', 'Template']",6,6,[],[],[],DateFilterView
metacatui-es6/src/js/views/filters/SemanticFilterView.js,view,,"['jquery', 'underscore', 'backbone', 'models/filters/Filter', 'views/filters/FilterView', 'views/searchSelect/AnnotationFilterView']","['$', '_', 'Backbone', 'Filter', 'FilterView', 'AnnotationFilterView']",6,6,[],[],[],SemanticFilterView
metacatui-es6/src/js/views/filters/ToggleFilterView.js,view,,"['jquery', 'underscore', 'backbone', 'models/filters/ToggleFilter', 'views/filters/FilterView', 'text!templates/filters/toggleFilter.html', 'text!templates/filters/booleanFilter.html']","['$', '_', 'Backbone', 'ToggleFilter', 'FilterView', 'Template', 'BooleanTemplate']",7,7,[],[],[],ToggleFilterView
metacatui-es6/src/js/views/filters/FilterEditorView.js,view,,"['jquery', 'underscore', 'backbone', 'models/filters/Filter', 'models/filters/ChoiceFilter', 'models/filters/DateFilter', 'models/filters/ToggleFilter', 'collections/queryFields/QueryFields', 'views/searchSelect/QueryFieldSelectView', 'views/filters/FilterView', 'views/filters/ChoiceFilterView', 'views/filters/DateFilterView', 'views/filters/ToggleFilterView', 'text!templates/filters/filterEditor.html']","['$', '_', 'Backbone', 'Filter', 'ChoiceFilter', 'DateFilter', 'ToggleFilter', 'QueryFields', 'QueryFieldSelect', 'FilterView', 'ChoiceFilterView', 'DateFilterView', 'ToggleFilterView', 'Template']",14,14,[],[],[],e
metacatui-es6/src/js/views/filters/FilterGroupsView.js,view,,"['jquery', 'underscore', 'backbone', 'collections/Filters', 'models/filters/Filter', 'models/filters/FilterGroup', 'views/filters/FilterGroupView', 'views/filters/FilterView', 'text!templates/filters/filterGroups.html']","['$', '_', 'Backbone', 'Filters', 'Filter', 'FilterGroup', 'FilterGroupView', 'FilterView', 'Template']",9,9,[],[],[],FilterGroupsView
metacatui-es6/src/js/views/queryBuilder/QueryBuilderView.js,view,,"['jquery', 'underscore', 'backbone', 'collections/Filters', 'collections/queryFields/QueryFields', 'views/searchSelect/SearchableSelectView', 'views/queryBuilder/QueryRuleView', 'text!templates/queryBuilder/queryBuilder.html']","['$', '_', 'Backbone', 'Filters', 'QueryFields', 'SearchableSelect', 'QueryRule', 'Template']",8,8,[],[],[],QueryBuilderView
metacatui-es6/src/js/views/queryBuilder/QueryRuleView.js,view,,"['jquery', 'underscore', 'backbone', 'views/searchSelect/SearchableSelectView', 'views/searchSelect/QueryFieldSelectView', 'views/searchSelect/NodeSelectView', 'views/searchSelect/AccountSelectView', 'views/filters/NumericFilterView', 'views/filters/DateFilterView', 'views/searchSelect/ObjectFormatSelectView', 'views/searchSelect/AnnotationFilterView', 'models/filters/Filter', 'models/filters/BooleanFilter', 'models/filters/NumericFilter', 'models/filters/DateFilter']","['$', '_', 'Backbone', 'SearchableSelect', 'QueryFieldSelect', 'NodeSelect', 'AccountSelect', 'NumericFilterView', 'DateFilterView', 'ObjectFormatSelect', 'AnnotationFilter', 'Filter', 'BooleanFilter', 'NumericFilter', 'DateFilter']",15,15,[],[],[],QueryRuleView
metacatui-es6/src/js/views/projects/ProjectView.js,view,,"['jquery', 'underscore', 'backbone', 'text!templates/projectInfo.html', 'models/projects/Project', 'collections/ProjectList']","['$', '_', 'Backbone', 'template', 'Project', 'ProjectList']",6,6,[],[],[],ProjectView
metacatui-es6/src/js/views/searchSelect/SearchableSelectView.js,view,,"['jquery', 'underscore', 'backbone', 'semanticUItransition', 'text!/components/semanticUI/transition.min.css', 'semanticUIdropdown', 'text!/components/semanticUI/dropdown.min.css', 'text!templates/selectUI/searchableSelect.html']","['$', '_', 'Backbone', 'Transition', 'TransitionCSS', 'Dropdown', 'DropdownCSS', 'Template']",8,8,[],[],[],items
metacatui-es6/src/js/views/searchSelect/QueryFieldSelectView.js,view,,"['jquery', 'underscore', 'backbone', 'views/searchSelect/SearchableSelectView', 'collections/queryFields/QueryFields']","['$', '_', 'Backbone', 'SearchableSelect', 'QueryFields']",5,5,[],[],[],0
metacatui-es6/src/js/views/searchSelect/ObjectFormatSelectView.js,view,,"['jquery', 'underscore', 'backbone', 'views/searchSelect/SearchableSelectView', 'collections/ObjectFormats']","['$', '_', 'Backbone', 'SearchableSelect', 'ObjectFormats']",5,5,[],[],[],ObjectFormatSelect
metacatui-es6/src/js/views/searchSelect/NodeSelectView.js,view,,"['jquery', 'underscore', 'backbone', 'views/searchSelect/SearchableSelectView', 'models/NodeModel']","['$', '_', 'Backbone', 'SearchableSelect', 'NodeModel']",5,5,[],[],[],NodeSelect
metacatui-es6/src/js/views/searchSelect/AnnotationFilterView.js,view,,"['jquery', 'underscore', 'backbone', 'bioportal']","['$', '_', 'Backbone', 'Bioportal', '']",4,5,[None],[],[],AnnotationFilter
metacatui-es6/src/js/views/searchSelect/AccountSelectView.js,view,,"['jquery', 'underscore', 'backbone', 'views/searchSelect/SearchableSelectView', 'models/LookupModel']","['$', '_', 'Backbone', 'SearchableSelect', 'LookupModel']",5,5,[],[],[],result
metacatui-es6/src/js/views/search/CatalogSearchView.js,view,,"['jquery', 'backbone', 'views/search/SearchResultsView', 'views/filters/FilterGroupsView', 'views/maps/MapView', 'views/search/SearchResultsPagerView', 'views/search/SorterView', 'text!templates/search/catalogSearch.html', 'models/connectors/Map-Search-Filters', 'text!/css/catalog-search-view.css']","['$', 'Backbone', 'SearchResultsView', 'FilterGroupsView', 'MapView', 'PagerView', 'SorterView', 'Template', 'MapSearchFiltersConnector', 'CatalogSearchViewCSS']",10,10,[],[],[],CatalogSearchView
metacatui-es6/src/js/views/search/SearchResultsPagerView.js,view,,['backbone'],['Backbone'],1,1,[],[],[],SearchResultsPagerView
metacatui-es6/src/js/views/search/SearchResultsView.js,view,,"['backbone', 'collections/SolrResults', 'views/search/SearchResultView', 'models/MetricsModel']","['Backbone', 'SearchResults', 'SearchResultView', 'MetricsModel']",4,4,[],[],[],SearchResultsView
metacatui-es6/src/js/views/search/SorterView.js,view,,['backbone'],['Backbone'],1,1,[],[],[],SorterView
metacatui-es6/src/js/views/search/SearchResultView.js,view,,"['jquery', 'underscore', 'backbone', 'models/PackageModel', 'views/CitationView', 'text!templates/resultsItem.html']","['$', '_', 'Backbone', 'Package', 'CitationView', 'ResultItemTemplate']",6,6,[],[],[],SearchResultView
metacatui-es6/src/js/views/portals/PortalSectionView.js,view,,"['jquery', 'underscore', 'backbone', 'models/portals/PortalSectionModel', 'views/MarkdownView', 'text!templates/portals/portalSection.html']","['$', '_', 'Backbone', 'PortalSectionModel', 'MarkdownView', 'Template']",6,6,[],[],[],PortalSectionView
metacatui-es6/src/js/views/portals/PortalView.js,view,,"['jquery', 'underscore', 'backbone', 'models/portals/PortalModel', 'models/UserModel', 'text!templates/alert.html', 'text!templates/loading.html', 'text!templates/portals/portal.html', 'text!templates/portals/editPortals.html', 'views/portals/PortalHeaderView', 'views/portals/PortalDataView', 'views/portals/PortalSectionView', 'views/portals/PortalMetricsView', 'views/portals/PortalMembersView', 'views/portals/PortalLogosView', 'views/portals/PortalVisualizationsView']","['$', '_', 'Backbone', 'Portal', 'User', 'AlertTemplate', 'LoadingTemplate', 'PortalTemplate', 'EditPortalsTemplate', 'PortalHeaderView', 'PortalDataView', 'PortalSectionView', 'PortalMetricsView', 'PortalMembersView', 'PortalLogosView', 'PortalVisualizationsView']",16,16,[],[],[],PortalView
metacatui-es6/src/js/views/portals/PortalHeaderView.js,view,,"['jquery', 'underscore', 'backbone', 'text!templates/portals/portalHeader.html']","['$', '_', 'Backbone', 'PortalHeaderTemplate']",4,4,[],[],[],PortalHeaderView
metacatui-es6/src/js/views/portals/PortalUsagesView.js,view,,"['jquery', 'underscore', 'backbone', 'collections/SolrResults', 'collections/Filters', 'collections/bookkeeper/Usages', 'views/portals/PortalListView', 'text!templates/portals/portalList.html']","['$', '_', 'Backbone', 'SearchResults', 'Filters', 'Usages', 'PortalListView', 'Template']",8,8,[],[],[],PortalUsagesView
metacatui-es6/src/js/views/portals/PortalMembersView.js,view,,"['jquery', 'underscore', 'backbone', 'text!templates/metadata/EMLPartyDisplay.html', 'views/portals/PortalSectionView', 'views/portals/PortalLogosView', 'text!templates/portals/portalAcknowledgements.html', 'text!templates/portals/portalAwards.html']","['$', '_', 'Backbone', 'EMLPartyDisplayTemplate', 'PortalSectionView', 'PortalLogosView', 'AcknowledgementsTemplate', 'AwardsTemplate']",8,8,[],[],[],PortalMembersView
metacatui-es6/src/js/views/portals/PortalsSearchView.js,view,,"['jquery', 'underscore', 'backbone', 'collections/Filters', 'views/portals/PortalListView']","['$', '_', 'Backbone', 'Filters', 'PortalListView']",5,5,[],[],[],PortalsSearchView
metacatui-es6/src/js/views/portals/PortalDataView.js,view,,"['jquery', 'underscore', 'backbone', 'collections/Filters', 'views/portals/PortalSectionView', 'views/DataCatalogViewWithFilters', 'views/filters/FilterGroupsView']","['$', '_', 'Backbone', 'Filters', 'PortalSectionView', 'DataCatalogView', 'FilterGroupsView']",7,7,[],[],[],PortalDataView
metacatui-es6/src/js/views/portals/PortalMetricsView.js,view,,"['jquery', 'underscore', 'backbone', 'models/Search', 'models/MetricsModel', 'models/Stats', 'views/portals/PortalSectionView', 'views/StatsView', 'text!templates/loading.html']","['$', '_', 'Backbone', 'SearchModel', 'MetricsModel', 'StatsModel', 'PortalSectionView', 'StatsView', 'LoadingTemplate']",9,9,[],[],[],PortalMetricsView
metacatui-es6/src/js/views/portals/PortalVisualizationsView.js,view,,"['jquery', 'underscore', 'backbone', 'text!templates/portals/portalVisualizations.html', 'views/portals/PortalSectionView']","['$', '_', 'Backbone', 'PortalVisualizationsTemplate', 'PortalSectionView']",5,5,[],[],[],PortalVisualizationsView
metacatui-es6/src/js/views/portals/PortalListView.js,view,,"['jquery', 'underscore', 'backbone', 'collections/Filters', 'collections/SolrResults', 'views/PagerView', 'text!templates/portals/portalList.html']","['$', '_', 'Backbone', 'Filters', 'SearchResults', 'PagerView', 'Template']",7,7,[],[],[],PortalListView
metacatui-es6/src/js/views/portals/PortalLogosView.js,view,,"['jquery', 'underscore', 'backbone', 'text!templates/portals/portalLogo.html']","['$', '_', 'Backbone', 'PortalLogoTemplate']",4,4,[],[],[],PortalLogosView
metacatui-es6/src/js/views/portals/editor/PortEditorDataView.js,view,,"['underscore', 'jquery', 'backbone', 'models/filters/FilterGroup', 'views/portals/editor/PortEditorSectionView', 'views/EditCollectionView', 'views/filters/FilterGroupsView', 'text!templates/portals/editor/portEditorData.html']","['_', '$', 'Backbone', 'FilterGroup', 'PortEditorSectionView', 'EditCollectionView', 'FilterGroupsView', 'Template']",8,8,[],[],[],PortEditorDataView
metacatui-es6/src/js/views/portals/editor/PortEditorImageView.js,view,,"['underscore', 'jquery', 'backbone', 'models/portals/PortalImage', 'views/ImageUploaderView', 'text!templates/imageEdit.html']","['_', '$', 'Backbone', 'PortalImage', 'ImageUploaderView', 'Template']",6,6,[],[],[],PortEditorImageView
metacatui-es6/src/js/views/portals/editor/PortEditorSectionView.js,view,,"['underscore', 'jquery', 'backbone', 'models/portals/PortalSectionModel', 'text!templates/portals/editor/portEditorSection.html', 'text!templates/portals/editor/portEditorSectionOption.html', 'text!templates/portals/editor/portEditorSectionOptionImgs/freeform.svg', 'text!templates/portals/editor/portEditorSectionOptionImgs/metrics.svg']","['_', '$', 'Backbone', 'PortalSectionModel', 'Template', 'SectionOptionTemplate', 'FreeformSVG', 'MetricsSVG']",8,8,[],[],[],PortEditorSectionView
metacatui-es6/src/js/views/portals/editor/PortalEditorView.js,view,,"['underscore', 'jquery', 'backbone', 'models/portals/PortalModel', 'models/portals/PortalImage', 'collections/Filters', 'views/EditorView', 'views/SignInView', 'views/portals/editor/PortEditorSectionsView', 'views/portals/editor/PortEditorImageView', 'text!templates/loading.html', 'text!templates/portals/editor/portalEditor.html', 'text!templates/portals/editor/portalEditorSubmitMessage.html', 'text!templates/portals/editor/portalLoginPage.html']","['_', '$', 'Backbone', 'Portal', 'PortalImage', 'Filters', 'EditorView', 'SignInView', 'PortEditorSectionsView', 'ImageEdit', 'LoadingTemplate', 'Template', 'portalEditorSubmitMessageTemplate', 'LoginTemplate']",14,14,[],[],[],PortalEditorView
metacatui-es6/src/js/views/portals/editor/PortEditorMdSectionView.js,view,,"['underscore', 'jquery', 'backbone', 'models/portals/PortalSectionModel', 'models/portals/PortalImage', 'views/ImageUploaderView', 'views/MarkdownEditorView', 'views/portals/editor/PortEditorSectionView', 'views/portals/editor/PortEditorImageView', 'text!templates/portals/editor/portEditorMdSection.html']","['_', '$', 'Backbone', 'PortalSectionModel', 'PortalImage', 'ImageUploader', 'MarkdownEditor', 'PortEditorSectionView', 'ImageEdit', 'Template']",10,10,[],[],[],PortEditorMdSectionView
metacatui-es6/src/js/views/portals/editor/PortEditorSettingsView.js,view,,"['underscore', 'jquery', 'backbone', 'models/portals/PortalSectionModel', 'views/portals/editor/PortEditorSectionView', 'views/portals/editor/PortEditorLogosView', 'text!templates/portals/editor/portEditorSettings.html']","['_', '$', 'Backbone', 'PortalSection', 'PortEditorSectionView', 'PortEditorLogosView', 'Template']",7,7,[],[],[],PortEditorSettingsView
metacatui-es6/src/js/views/portals/editor/PortEditorLogosView.js,view,,"['underscore', 'jquery', 'backbone', 'models/portals/PortalImage', 'views/portals/editor/PortEditorImageView']","['_', '$', 'Backbone', 'PortalImage', 'ImageEdit']",5,5,[],[],[],PortEditorLogosView
metacatui-es6/src/js/views/portals/editor/PortEditorSectionsView.js,view,,"['underscore', 'jquery', 'backbone', 'sortable', 'models/portals/PortalModel', 'models/portals/PortalSectionModel', 'views/portals/editor/PortEditorSectionView', 'views/portals/editor/PortEditorSettingsView', 'views/portals/editor/PortEditorDataView', 'views/portals/editor/PortEditorMdSectionView', 'text!templates/portals/editor/portEditorSections.html', 'text!templates/portals/editor/portEditorMetrics.html', 'text!templates/portals/editor/portEditorSectionLink.html', 'text!templates/portals/editor/portEditorSectionOptionImgs/metrics.svg']","['_', '$', 'Backbone', 'Sortable', 'Portal', 'PortalSection', 'PortEditorSectionView', 'PortEditorSettingsView', 'PortEditorDataView', 'PortEditorMdSectionView', 'Template', 'MetricsSectionTemplate', 'SectionLinkTemplate', 'MetricsSVG']",14,14,[],[],[],PortEditorSectionsView
metacatui-es6/src/js/views/citations/CitationModalView.js,view,,"['jquery', 'underscore', 'backbone', 'clipboard', 'models/CitationModel', 'views/CitationView', 'text!templates/citations/citationModal.html']","['$', '_', 'Backbone', 'Clipboard', 'Citation', 'CitationView', 'Template']",7,7,[],[],[],CitationModalView
metacatui-es6/src/js/views/metadata/EMLMethodsView.js,view,,"['underscore', 'jquery', 'backbone', 'models/metadata/eml211/EMLMethods', 'models/metadata/eml/EMLMethodStep', 'models/metadata/eml211/EMLText', 'models/metadata/eml/EMLSpecializedText', 'text!templates/metadata/EMLMethods.html']","['_', '$', 'Backbone', 'EMLMethods', 'EMLMethodStep', 'EMLText', 'EMLSpecializedText', 'EMLMethodsTemplate']",8,8,[],[],[],EMLMethodsView
metacatui-es6/src/js/views/metadata/EML211MissingValueCodesView.js,view,,"['backbone', 'models/metadata/eml211/EMLMissingValueCode', 'collections/metadata/eml/EMLMissingValueCodes', 'views/metadata/EML211MissingValueCodeView']","['Backbone', 'EMLMissingValueCode', 'EMLMissingValueCodes', 'EML211MissingValueCodeView']",4,4,[],[],[],EMLMissingValueCodesView
metacatui-es6/src/js/views/metadata/EML211EditorView.js,view,,"['underscore', 'jquery', 'backbone', 'localforage', 'collections/DataPackage', 'models/metadata/eml211/EML211', 'models/metadata/eml211/EMLOtherEntity', 'models/metadata/ScienceMetadata', 'views/EditorView', 'views/CitationView', 'views/DataPackageView', 'views/metadata/EML211View', 'views/metadata/EMLEntityView', 'views/SignInView', 'text!templates/editor.html', 'collections/ObjectFormats', 'text!templates/editorSubmitMessage.html']","['_', '$', 'Backbone', 'LocalForage', 'DataPackage', 'EML', 'EMLOtherEntity', 'ScienceMetadata', 'EditorView', 'CitationView', 'DataPackageView', 'EMLView', 'EMLEntityView', 'SignInView', 'EditorTemplate', 'ObjectFormats', 'EditorSubmitMessageTemplate']",17,17,[],[],[],EML211EditorView
metacatui-es6/src/js/views/metadata/EMLGeoCoverageView.js,view,,"['underscore', 'jquery', 'backbone', 'models/metadata/eml211/EMLGeoCoverage', 'text!templates/metadata/EMLGeoCoverage.html']","['_', '$', 'Backbone', 'EMLGeoCoverage', 'EMLGeoCoverageTemplate']",5,5,[],[],[],EMLGeoCoverageView
metacatui-es6/src/js/views/metadata/ScienceMetadataView.js,view,,"['jquery', 'jqueryui', 'underscore', 'backbone']","['$', '$ui', '_', 'Backbone']",4,4,[],[],[],ScienceMetadataView
metacatui-es6/src/js/views/metadata/EMLMeasurementTypeView.js,view,,[],[],0,0,[],[],['No require/define statement found'],EMLMeasurementTypeView
metacatui-es6/src/js/views/metadata/EMLTaxonView.js,view,,"['underscore', 'jquery', 'backbone', 'models/metadata/eml211/EMLTaxonCoverage', 'text!templates/metadata/taxonomicClassificationTable.html', 'text!templates/metadata/taxonomicClassificationRow.html']","['_', '$', 'Backbone', 'EMLTaxonCoverage', 'TaxonomicClassificationTable', 'TaxonomicClassificationRow']",6,6,[],[],[],EMLTaxonView
metacatui-es6/src/js/views/metadata/EMLMeasurementScaleView.js,view,,"['underscore', 'jquery', 'backbone', 'models/DataONEObject', 'models/metadata/eml211/EMLMeasurementScale', 'text!templates/metadata/eml-measurement-scale.html', 'text!templates/metadata/codelist-row.html', 'text!templates/metadata/nonNumericDomain.html', 'text!templates/metadata/textDomain.html']","['_', '$', 'Backbone', 'DataONEObject', 'EMLMeasurementScale', 'EMLMeasurementScaleTemplate', 'CodeListRowTemplate', 'NonNumericDomainTemplate', 'TextDomainTemplate']",9,9,[],[],[],true
metacatui-es6/src/js/views/metadata/EMLTempCoverageView.js,view,,"['underscore', 'jquery', 'backbone', 'models/metadata/eml211/EMLTemporalCoverage', 'text!templates/metadata/dates.html']","['_', '$', 'Backbone', 'EMLTemporalCoverage', 'DatesTemplate']",5,5,[],[],[],EMLTempCoverageView
metacatui-es6/src/js/views/metadata/EMLEntityView.js,view,,"['underscore', 'jquery', 'backbone', 'localforage', 'models/DataONEObject', 'models/metadata/eml211/EMLAttribute', 'models/metadata/eml211/EMLEntity', 'views/DataPreviewView', 'views/metadata/EMLAttributeView', 'text!templates/metadata/eml-entity.html', 'text!templates/metadata/eml-attribute-menu-item.html', 'common/Utilities']","['_', '$', 'Backbone', 'LocalForage', 'DataONEObject', 'EMLAttribute', 'EMLEntity', 'DataPreviewView', 'EMLAttributeView', 'EMLEntityTemplate', 'EMLAttributeMenuItemTemplate', 'Utilities']",12,12,[],[],[],EMLEntityView
metacatui-es6/src/js/views/metadata/EML211MissingValueCodeView.js,view,,"['jquery', 'backbone', 'models/metadata/eml211/EMLMissingValueCode']","['$', 'Backbone', 'EMLMissingValueCode']",3,3,[],[],[],EMLMissingValueCodeView
metacatui-es6/src/js/views/metadata/EML211View.js,view,,"['underscore', 'jquery', 'backbone', 'views/metadata/ScienceMetadataView', 'views/metadata/EMLGeoCoverageView', 'views/metadata/EMLPartyView', 'views/metadata/EMLMethodsView', 'views/metadata/EMLTempCoverageView', 'models/metadata/eml211/EML211', 'models/metadata/eml211/EMLGeoCoverage', 'models/metadata/eml211/EMLKeywordSet', 'models/metadata/eml211/EMLParty', 'models/metadata/eml211/EMLProject', 'models/metadata/eml211/EMLText', 'models/metadata/eml211/EMLTaxonCoverage', 'models/metadata/eml211/EMLTemporalCoverage', 'models/metadata/eml211/EMLMethods', 'text!templates/metadata/eml.html', 'text!templates/metadata/eml-people.html', 'text!templates/metadata/EMLPartyCopyMenu.html', 'text!templates/metadata/metadataOverview.html', 'text!templates/metadata/dates.html', 'text!templates/metadata/locationsSection.html', 'text!templates/metadata/taxonomicCoverage.html', 'text!templates/metadata/taxonomicClassificationTable.html', 'text!templates/metadata/taxonomicClassificationRow.html', 'text!templates/metadata/data-sensitivity.html']","['_', '$', 'Backbone', 'ScienceMetadataView', 'EMLGeoCoverageView', 'EMLPartyView', 'EMLMethodsView', 'EMLTempCoverageView', 'EML', 'EMLGeoCoverage', 'EMLKeywordSet', 'EMLParty', 'EMLProject', 'EMLText', 'EMLTaxonCoverage', 'EMLTemporalCoverage', 'EMLMethods', 'Template', 'PeopleTemplate', 'EMLPartyCopyMenuTemplate', 'OverviewTemplate', 'DatesTemplate', 'LocationsTemplate', 'TaxonomicCoverageTemplate', 'TaxonomicClassificationTable', 'TaxonomicClassificationRow', 'DataSensitivityTemplate']",27,27,[],[],[],EMLView
metacatui-es6/src/js/views/metadata/EMLAttributeView.js,view,,"['underscore', 'jquery', 'backbone', 'models/DataONEObject', 'models/metadata/eml211/EMLAttribute', 'models/metadata/eml211/EMLMeasurementScale', 'views/metadata/EMLMeasurementScaleView', 'views/metadata/EML211MissingValueCodesView', 'text!templates/metadata/eml-attribute.html']","['_', '$', 'Backbone', 'DataONEObject', 'EMLAttribute', 'EMLMeasurementScale', 'EMLMeasurementScaleView', 'EML211MissingValueCodesView', 'EMLAttributeTemplate']",9,9,[],[],[],EMLAttributeView
metacatui-es6/src/js/views/metadata/EMLOtherEntityView.js,view,,"['underscore', 'jquery', 'backbone', 'models/DataONEObject', 'models/metadata/eml211/EMLOtherEntity', 'views/metadata/EMLEntityView', 'text!templates/metadata/eml-other-entity.html']","['_', '$', 'Backbone', 'DataONEObject', 'EMLOtherEntity', 'EMLEntityView', 'EMLOtherEntityTemplate']",7,7,[],[],[],EMLOtherEntityView
metacatui-es6/src/js/views/metadata/EMLPartyView.js,view,,"['underscore', 'jquery', 'backbone', 'models/metadata/eml211/EMLParty', 'text!templates/metadata/EMLParty.html']","['_', '$', 'Backbone', 'EMLParty', 'EMLPartyTemplate']",5,5,[],[],[],EMLPartyView
metacatui-es6/src/js/themes/drp/views/TextView.js,view,drp,"['jquery', 'underscore', 'backbone', 'views/BaseTextView', 'text!templates/alert.html', 'text!templates/about.html', 'text!templates/api.html', 'text!templates/tools.html', 'text!templates/support.html', 'text!templates/help-searchTips.html']","['$', '_', 'Backbone', 'BaseTextView', 'AlertTemplate', 'AboutTemplate', 'APITemplate', 'ToolsTemplate', 'SupportTemplate', 'SearchTipsTemplate']",10,10,[],[],[],TextView
metacatui-es6/src/js/themes/drp/views/metadata/EML211View.js,view,drp,"['underscore', 'jquery', 'backbone', 'views/metadata/BaseEML211View', 'views/metadata/ScienceMetadataView', 'views/metadata/EMLGeoCoverageView', 'views/metadata/EMLPartyView', 'views/metadata/EMLMethodsView', 'views/metadata/EMLTempCoverageView', 'models/metadata/eml211/EML211', 'models/metadata/eml211/EMLGeoCoverage', 'models/metadata/eml211/EMLKeywordSet', 'models/metadata/eml211/EMLParty', 'models/metadata/eml211/EMLProject', 'models/metadata/eml211/EMLText', 'models/metadata/eml211/EMLTaxonCoverage', 'models/metadata/eml211/EMLTemporalCoverage', 'models/metadata/eml211/EMLMethods', 'text!templates/metadata/eml.html', 'text!templates/metadata/eml-people.html', 'text!templates/metadata/EMLPartyCopyMenu.html', 'text!templates/metadata/metadataOverview.html', 'text!templates/metadata/dates.html', 'text!templates/metadata/locationsSection.html', 'text!templates/metadata/taxonomicCoverage.html', 'text!templates/metadata/taxonomicClassificationTable.html', 'text!templates/metadata/taxonomicClassificationRow.html']","['_', '$', 'Backbone', 'BaseEML211View', 'ScienceMetadataView', 'EMLGeoCoverageView', 'EMLPartyView', 'EMLMethodsView', 'EMLTempCoverageView', 'EML', 'EMLGeoCoverage', 'EMLKeywordSet', 'EMLParty', 'EMLProject', 'EMLText', 'EMLTaxonCoverage', 'EMLTemporalCoverage', 'EMLMethods', 'Template', 'PeopleTemplate', 'EMLPartyCopyMenuTemplate', 'OverviewTemplate', 'DatesTemplate', 'LocationsTemplate', 'TaxonomicCoverageTemplate', 'TaxonomicClassificationTable', 'TaxonomicClassificationRow']",27,27,[],[],[],EMLView
metacatui-es6/src/js/themes/sctld/views/TextView.js,view,sctld,"['jquery', 'underscore', 'backbone', 'views/BaseTextView', 'text!templates/alert.html', 'text!templates/about.html', 'text!templates/api.html', 'text!templates/tools.html', 'text!templates/support.html', 'text!templates/help-searchTips.html']","['$', '_', 'Backbone', 'BaseTextView', 'AlertTemplate', 'AboutTemplate', 'APITemplate', 'ToolsTemplate', 'SupportTemplate', 'SearchTipsTemplate']",10,10,[],[],[],TextView
metacatui-es6/src/js/themes/sctld/views/metadata/EML211View.js,view,sctld,"['underscore', 'jquery', 'backbone', 'views/metadata/BaseEML211View', 'views/metadata/ScienceMetadataView', 'views/metadata/EMLGeoCoverageView', 'views/metadata/EMLPartyView', 'views/metadata/EMLMethodsView', 'views/metadata/EMLTempCoverageView', 'models/metadata/eml211/EML211', 'models/metadata/eml211/EMLGeoCoverage', 'models/metadata/eml211/EMLKeywordSet', 'models/metadata/eml211/EMLParty', 'models/metadata/eml211/EMLProject', 'models/metadata/eml211/EMLText', 'models/metadata/eml211/EMLTaxonCoverage', 'models/metadata/eml211/EMLTemporalCoverage', 'models/metadata/eml211/EMLMethods', 'text!templates/metadata/eml.html', 'text!templates/metadata/eml-people.html', 'text!templates/metadata/EMLPartyCopyMenu.html', 'text!templates/metadata/metadataOverview.html', 'text!templates/metadata/dates.html', 'text!templates/metadata/locationsSection.html', 'text!templates/metadata/taxonomicCoverage.html', 'text!templates/metadata/taxonomicClassificationTable.html', 'text!templates/metadata/taxonomicClassificationRow.html']","['_', '$', 'Backbone', 'BaseEML211View', 'ScienceMetadataView', 'EMLGeoCoverageView', 'EMLPartyView', 'EMLMethodsView', 'EMLTempCoverageView', 'EML', 'EMLGeoCoverage', 'EMLKeywordSet', 'EMLParty', 'EMLProject', 'EMLText', 'EMLTaxonCoverage', 'EMLTemporalCoverage', 'EMLMethods', 'Template', 'PeopleTemplate', 'EMLPartyCopyMenuTemplate', 'OverviewTemplate', 'DatesTemplate', 'LocationsTemplate', 'TaxonomicCoverageTemplate', 'TaxonomicClassificationTable', 'TaxonomicClassificationRow']",27,27,[],[],[],EMLView
metacatui-es6/src/js/themes/knb/views/TextView.js,view,knb,"['jquery', 'underscore', 'backbone', 'views/BaseTextView', 'text!templates/preservation.html']","['$', '_', 'Backbone', 'BaseTextView', 'PreservationTemplate']",5,5,[],[],[],TextView
metacatui-es6/src/js/models/SolrHeader.js,model,,"['jquery', 'underscore', 'backbone']","['$', '_', 'Backbone']",3,3,[],[],[],SolrHeader
metacatui-es6/src/js/models/MetricsModel.js,model,,"['jquery', 'underscore', 'backbone']","['$', '_', 'Backbone']",3,3,[],[],[],Metrics
metacatui-es6/src/js/models/UserModel.js,model,,"['jquery', 'underscore', 'backbone', 'jws', 'models/Search', 'collections/SolrResults']","['$', '_', 'Backbone', 'JWS', 'SearchModel', 'SearchResults']",6,6,[],[],[],UserModel
metacatui-es6/src/js/models/LookupModel.js,model,,"['jquery', 'jqueryui', 'underscore', 'backbone']","['$', '$ui', '_', 'Backbone']",4,4,[],[],[],LookupModel
metacatui-es6/src/js/models/CitationModel.js,model,,"['jquery', 'underscore', 'backbone', 'collections/Citations']","['$', '_', 'Backbone', 'Citations']",4,4,[],[],[],item
metacatui-es6/src/js/models/AccessRule.js,model,,"['jquery', 'underscore', 'backbone']","['$', '_', 'Backbone']",3,3,[],[],[],AccessRule
metacatui-es6/src/js/models/QualityCheckModel.js,model,,"['jquery', 'underscore', 'backbone']","['$', '_', 'Backbone']",3,3,[],[],[],QualityCheck
metacatui-es6/src/js/models/AppModel.js,model,,"['jquery', 'underscore', 'backbone']","['$', '_', 'Backbone']",3,3,[],[],[],AppModel
metacatui-es6/src/js/models/DataONEObject.js,model,,"['jquery', 'underscore', 'backbone', 'uuid', 'he', 'collections/AccessPolicy', 'collections/ObjectFormats', 'md5']","['$', '_', 'Backbone', 'uuid', 'he', 'AccessPolicy', 'ObjectFormats', 'md5']",8,8,[],[],[],DataONEObject
metacatui-es6/src/js/models/CollectionModel.js,model,,"['jquery', 'underscore', 'backbone', 'uuid', 'collections/Filters', 'collections/SolrResults', 'models/DataONEObject', 'models/filters/Filter', 'models/filters/FilterGroup', 'models/Search']","['$', '_', 'Backbone', 'uuid', 'Filters', 'SolrResults', 'DataONEObject', 'Filter', 'FilterGroup', 'Search']",10,10,[],[],[],CollectionModel
metacatui-es6/src/js/models/NodeModel.js,model,,"['jquery', 'underscore', 'backbone']","['$', '_', 'Backbone']",3,3,[],[],[],Node
metacatui-es6/src/js/models/SolrResult.js,model,,"['jquery', 'underscore', 'backbone']","['$', '_', 'Backbone']",3,3,[],[],[],SolrResult
metacatui-es6/src/js/models/LogsSearch.js,model,,"['jquery', 'underscore', 'backbone', 'models/Search']","['$', '_', 'Backbone', 'SearchModel']",4,4,[],[],[],LogsSearch
metacatui-es6/src/js/models/Map.js,model,,"['jquery', 'underscore', 'backbone', 'gmaps']","['$', '_', 'Backbone', 'gmaps']",4,4,[],[],[],Map
metacatui-es6/src/js/models/Search.js,model,,"['jquery', 'underscore', 'backbone', 'models/SolrResult', 'collections/Filters']","['$', '_', 'Backbone', 'SolrResult', 'Filters']",5,5,[],[],[],true
metacatui-es6/src/js/models/PackageModel.js,model,,"['jquery', 'underscore', 'backbone', 'uuid', 'md5', 'rdflib', 'models/SolrResult']","['$', '_', 'Backbone', 'uuid', 'md5', 'rdf', 'SolrResult']",7,7,[],[],[],PackageModel
metacatui-es6/src/js/models/Stats.js,model,,"['jquery', 'underscore', 'backbone', 'promise']","['$', '_', 'Backbone', 'Promise']",4,4,[],[],[],Stats
metacatui-es6/src/js/models/maps/AssetColorPalette.js,model,,"['jquery', 'underscore', 'backbone', 'collections/maps/AssetColors']","['$', '_', 'Backbone', 'AssetColors']",4,4,[],[],[],AssetColorPalette
metacatui-es6/src/js/models/maps/Feature.js,model,,"['jquery', 'underscore', 'backbone']","['$', '_', 'Backbone']",3,3,[],[],[],Feature
metacatui-es6/src/js/models/maps/VectorFilter.js,model,,"['jquery', 'underscore', 'backbone']","['$', '_', 'Backbone']",3,3,[],[],[],VectorFilter
metacatui-es6/src/js/models/maps/AssetColor.js,model,,"['jquery', 'underscore', 'backbone']","['$', '_', 'Backbone']",3,3,[],[],[],AssetColor
metacatui-es6/src/js/models/maps/Map.js,model,,"['jquery', 'underscore', 'backbone', 'collections/maps/Features', 'models/maps/Feature', 'collections/maps/MapAssets']","['$', '_', 'Backbone', 'Features', 'Feature', 'MapAssets']",6,6,[],[],[],MapModel
metacatui-es6/src/js/models/maps/Geohash.js,model,,"['jquery', 'underscore', 'backbone', 'nGeohash']","['$', '_', 'Backbone', 'nGeohash']",4,4,[],[],[],Geohash
metacatui-es6/src/js/models/maps/assets/CesiumImagery.js,model,,"['jquery', 'underscore', 'backbone', 'cesium', 'models/maps/assets/MapAsset']","['$', '_', 'Backbone', 'Cesium', 'MapAsset']",5,5,[],[],[],CesiumImagery
metacatui-es6/src/js/models/maps/assets/CesiumGeohash.js,model,,"['jquery', 'underscore', 'backbone', 'cesium', 'models/maps/assets/CesiumVectorData', 'models/maps/AssetColorPalette', 'models/maps/AssetColor', 'models/maps/Geohash', 'collections/maps/Geohashes']","['$', '_', 'Backbone', 'Cesium', 'CesiumVectorData', 'AssetColorPalette', 'AssetColor', 'Geohash', 'Geohashes']",9,9,[],[],[],CesiumGeohash
metacatui-es6/src/js/models/maps/assets/CesiumVectorData.js,model,,"['jquery', 'underscore', 'backbone', 'cesium', 'models/maps/assets/MapAsset', 'models/maps/AssetColor', 'models/maps/AssetColorPalette', 'collections/maps/VectorFilters']","['$', '_', 'Backbone', 'Cesium', 'MapAsset', 'AssetColor', 'AssetColorPalette', 'VectorFilters']",8,8,[],[],[],false
metacatui-es6/src/js/models/maps/assets/MapAsset.js,model,,"['jquery', 'underscore', 'backbone', 'models/portals/PortalImage', 'models/maps/AssetColorPalette']","['$', '_', 'Backbone', 'PortalImage', 'AssetColorPalette', 'dayjs']",5,6,[None],[],[],MapAsset
metacatui-es6/src/js/models/maps/assets/CesiumTerrain.js,model,,"['jquery', 'underscore', 'backbone', 'cesium', 'models/maps/assets/MapAsset']","['$', '_', 'Backbone', 'Cesium', 'MapAsset']",5,5,[],[],[],CesiumTerrain
metacatui-es6/src/js/models/maps/assets/Cesium3DTileset.js,model,,"['jquery', 'underscore', 'backbone', 'cesium', 'models/maps/assets/MapAsset', 'models/maps/AssetColor', 'models/maps/AssetColorPalette', 'collections/maps/VectorFilters']","['$', '_', 'Backbone', 'Cesium', 'MapAsset', 'AssetColor', 'AssetColorPalette', 'VectorFilters']",8,8,[],[],[],bSphere
metacatui-es6/src/js/models/filters/BooleanFilter.js,model,,"['jquery', 'underscore', 'backbone', 'models/filters/Filter']","['$', '_', 'Backbone', 'Filter']",4,4,[],[],[],BooleanFilter
metacatui-es6/src/js/models/filters/NumericFilter.js,model,,"['jquery', 'underscore', 'backbone', 'models/filters/Filter']","['$', '_', 'Backbone', 'Filter']",4,4,[],[],[],NumericFilter
metacatui-es6/src/js/models/filters/DateFilter.js,model,,"['jquery', 'underscore', 'backbone', 'models/filters/Filter']","['$', '_', 'Backbone', 'Filter']",4,4,[],[],[],DateFilter
metacatui-es6/src/js/models/filters/FilterGroup.js,model,,"['jquery', 'underscore', 'backbone', 'collections/Filters', 'models/filters/Filter']","['$', '_', 'Backbone', 'Filters', 'Filter']",5,5,[],[],[],FilterGroup
metacatui-es6/src/js/models/filters/SpatialFilter.js,model,,"['underscore', 'jquery', 'backbone', 'models/filters/Filter', 'collections/maps/Geohashes', 'collections/Filters']","['_', '$', 'Backbone', 'Filter', 'Geohashes', 'Filters']",6,6,[],[],[],SpatialFilter
metacatui-es6/src/js/models/filters/ChoiceFilter.js,model,,"['jquery', 'underscore', 'backbone', 'models/filters/Filter']","['$', '_', 'Backbone', 'Filter']",4,4,[],[],[],ChoiceFilter
metacatui-es6/src/js/models/filters/ToggleFilter.js,model,,"['jquery', 'underscore', 'backbone', 'models/filters/Filter']","['$', '_', 'Backbone', 'Filter']",4,4,[],[],[],ToggleFilter
metacatui-es6/src/js/models/filters/Filter.js,model,,"['jquery', 'underscore', 'backbone']","['$', '_', 'Backbone']",3,3,[],[],[],FilterModel
metacatui-es6/src/js/models/connectors/Map-Search-Filters.js,model,,"['backbone', 'models/maps/Map', 'collections/SolrResults', 'collections/Filters', 'models/connectors/Map-Search', 'models/connectors/Filters-Search', 'models/connectors/Filters-Map', 'models/filters/FilterGroup']","['Backbone', 'Map', 'SearchResults', 'Filters', 'MapSearchConnector', 'FiltersSearchConnector', 'FiltersMapConnector', 'FilterGroup']",8,8,[],[],[],MapSearchFiltersConnector
metacatui-es6/src/js/models/connectors/Map-Search.js,model,,"['backbone', 'models/maps/Map', 'collections/SolrResults']","['Backbone', 'Map', 'SearchResults']",3,3,[],[],[],MapSearchConnector
metacatui-es6/src/js/models/connectors/Filters-Map.js,model,,"['backbone', 'collections/Filters', 'models/maps/Map']","['Backbone', 'Filters', 'Map']",3,3,[],[],[],FiltersMapConnector
metacatui-es6/src/js/models/connectors/Filters-Search.js,model,,"['backbone', 'collections/Filters', 'collections/SolrResults']","['Backbone', 'Filters', 'SearchResults']",3,3,[],[],[],FiltersSearchConnector
metacatui-es6/src/js/models/formats/ObjectFormat.js,model,,"['jquery', 'underscore', 'backbone']","['$', '_', 'Backbone']",3,3,[],[],[],ObjectFormat
metacatui-es6/src/js/models/projects/Project.js,model,,"['jquery', 'backbone']","['$', 'Backbone']",2,2,[],[],[],Project
metacatui-es6/src/js/models/bookkeeper/Quota.js,model,,"['jquery', 'underscore', 'backbone']","['$', '_', 'Backbone']",3,3,[],[],[],Quota
metacatui-es6/src/js/models/bookkeeper/Subscription.js,model,,"['jquery', 'underscore', 'backbone']","['$', '_', 'Backbone']",3,3,[],[],[],Subscription
metacatui-es6/src/js/models/bookkeeper/Usage.js,model,,"['jquery', 'underscore', 'backbone']","['$', '_', 'Backbone']",3,3,[],[],[],Usage
metacatui-es6/src/js/models/portals/PortalModel.js,model,,"['jquery', 'underscore', 'backbone', 'gmaps', 'uuid', 'collections/Filters', 'collections/SolrResults', 'models/filters/Filter', 'models/portals/PortalSectionModel', 'models/portals/PortalVizSectionModel', 'models/portals/PortalImage', 'models/metadata/eml211/EMLParty', 'models/metadata/eml220/EMLText', 'models/CollectionModel', 'models/Search', 'models/filters/FilterGroup', 'models/Map']","['$', '_', 'Backbone', 'gmaps', 'uuid', 'Filters', 'SolrResults', 'FilterModel', 'PortalSectionModel', 'PortalVizSectionModel', 'PortalImage', 'EMLParty', 'EMLText', 'CollectionModel', 'SearchModel', 'FilterGroup', 'MapModel']",17,17,[],[],[],PortalModel
metacatui-es6/src/js/models/portals/PortalImage.js,model,,"['jquery', 'underscore', 'backbone', 'models/DataONEObject']","['$', '_', 'Backbone', 'DataONEObject']",4,4,[],[],[],PortalImageModel
metacatui-es6/src/js/models/portals/PortalVizSectionModel.js,model,,"['jquery', 'underscore', 'backbone', 'models/portals/PortalSectionModel', 'models/maps/Map']","['$', '_', 'Backbone', 'PortalSectionModel', 'Map']",5,5,[],[],[],PortalVizSectionModel
metacatui-es6/src/js/models/portals/PortalSectionModel.js,model,,"['jquery', 'underscore', 'backbone', 'models/portals/PortalImage', 'models/metadata/eml220/EMLText']","['$', '_', 'Backbone', 'PortalImage', 'EMLText']",5,5,[],[],[],PortalSectionModel
metacatui-es6/src/js/models/queryFields/QueryField.js,model,,"['jquery', 'underscore', 'backbone']","['$', '_', 'Backbone']",3,3,[],[],[],QueryField
metacatui-es6/src/js/models/metadata/ScienceMetadata.js,model,,"['jquery', 'underscore', 'backbone', 'models/DataONEObject']","['$', '_', 'Backbone', 'DataONEObject']",4,4,[],[],[],ScienceMetadata
metacatui-es6/src/js/models/metadata/eml/EMLMethodStep.js,model,,[],[],0,0,[],[],['No require/define statement found'],EMLMethodStep
metacatui-es6/src/js/models/metadata/eml/EMLSpecializedText.js,model,,"['jquery', 'underscore', 'backbone', 'models/metadata/eml220/EMLText']","['$', '_', 'Backbone', 'EMLText']",4,4,[],[],[],EMLSpecializedText
metacatui-es6/src/js/models/metadata/eml220/EMLText.js,model,,"['jquery', 'underscore', 'backbone', 'models/metadata/eml211/EMLText', 'text!templates/portals/editor/MarkdownExample.md']","['$', '_', 'Backbone', 'EMLText211', 'MarkdownExample']",5,5,[],[],[],EMLText
metacatui-es6/src/js/models/metadata/eml211/EMLDistribution.js,model,,"['jquery', 'underscore', 'backbone', 'models/DataONEObject']","['$', '_', 'Backbone', 'DataONEObject']",4,4,[],[],[],EMLDistribution
metacatui-es6/src/js/models/metadata/eml211/EMLParty.js,model,,"['jquery', 'underscore', 'backbone', 'models/DataONEObject']","['$', '_', 'Backbone', 'DataONEObject']",4,4,[],[],[],EMLParty
metacatui-es6/src/js/models/metadata/eml211/EMLAnnotation.js,model,,"['jquery', 'underscore', 'backbone']","['$', '_', 'Backbone']",3,3,[],[],[],EMLAnnotation
metacatui-es6/src/js/models/metadata/eml211/EMLGeoCoverage.js,model,,"['jquery', 'underscore', 'backbone', 'models/DataONEObject']","['$', '_', 'Backbone', 'DataONEObject']",4,4,[],[],[],EMLGeoCoverage
metacatui-es6/src/js/models/metadata/eml211/EMLEntity.js,model,,"['jquery', 'underscore', 'backbone', 'uuid', 'models/DataONEObject', 'models/metadata/eml211/EMLAttribute']","['$', '_', 'Backbone', 'uuid', 'DataONEObject', 'EMLAttribute']",6,6,[],[],[],EMLEntity
metacatui-es6/src/js/models/metadata/eml211/EMLProject.js,model,,"['jquery', 'underscore', 'backbone', 'models/DataONEObject', 'models/metadata/eml211/EMLParty']","['$', '_', 'Backbone', 'DataONEObject', 'EMLParty']",5,5,[],[],[],EMLProject
metacatui-es6/src/js/models/metadata/eml211/EMLAttribute.js,model,,"['jquery', 'underscore', 'backbone', 'uuid', 'models/metadata/eml211/EMLMeasurementScale', 'models/metadata/eml211/EMLAnnotation', 'collections/metadata/eml/EMLMissingValueCodes', 'models/DataONEObject']","['$', '_', 'Backbone', 'uuid', 'EMLMeasurementScale', 'EMLAnnotation', 'EMLMissingValueCodes', 'DataONEObject']",8,8,[],[],[],EMLAttribute
metacatui-es6/src/js/models/metadata/eml211/EMLMissingValueCode.js,model,,['backbone'],['Backbone'],1,1,[],[],[],EMLMissingValueCode
metacatui-es6/src/js/models/metadata/eml211/EMLDataTable.js,model,,"['jquery', 'underscore', 'backbone', 'models/metadata/eml211/EMLEntity']","['$', '_', 'Backbone', 'EMLEntity']",4,4,[],[],[],EMLDataTable
metacatui-es6/src/js/models/metadata/eml211/EMLKeywordSet.js,model,,"['jquery', 'underscore', 'backbone', 'models/DataONEObject']","['$', '_', 'Backbone', 'DataONEObject']",4,4,[],[],[],EMLKeywordSet
metacatui-es6/src/js/models/metadata/eml211/EMLOtherEntity.js,model,,"['jquery', 'underscore', 'backbone', 'models/metadata/eml211/EMLEntity']","['$', '_', 'Backbone', 'EMLEntity']",4,4,[],[],[],EMLOtherEntity
metacatui-es6/src/js/models/metadata/eml211/EMLNonNumericDomain.js,model,,"['jquery', 'underscore', 'backbone', 'models/DataONEObject']","['$', '_', 'Backbone', 'DataONEObject']",4,4,[],[],[],EMLNonNumericDomain
metacatui-es6/src/js/models/metadata/eml211/EMLMethods.js,model,,"['jquery', 'underscore', 'backbone', 'models/DataONEObject', 'models/metadata/eml/EMLMethodStep', 'models/metadata/eml211/EMLText']","['$', '_', 'Backbone', 'DataONEObject', 'EMLMethodStep', 'EMLText']",6,6,[],[],[],EMLMethods
metacatui-es6/src/js/models/metadata/eml211/EMLTemporalCoverage.js,model,,"['jquery', 'underscore', 'backbone', 'models/DataONEObject']","['$', '_', 'Backbone', 'DataONEObject']",4,4,[],[],[],EMLTemporalCoverage
metacatui-es6/src/js/models/metadata/eml211/EML211.js,model,,"['jquery', 'underscore', 'backbone', 'uuid', 'collections/Units', 'models/metadata/ScienceMetadata', 'models/DataONEObject', 'models/metadata/eml211/EMLGeoCoverage', 'models/metadata/eml211/EMLKeywordSet', 'models/metadata/eml211/EMLTaxonCoverage', 'models/metadata/eml211/EMLTemporalCoverage', 'models/metadata/eml211/EMLDistribution', 'models/metadata/eml211/EMLEntity', 'models/metadata/eml211/EMLDataTable', 'models/metadata/eml211/EMLOtherEntity', 'models/metadata/eml211/EMLParty', 'models/metadata/eml211/EMLProject', 'models/metadata/eml211/EMLText', 'models/metadata/eml211/EMLMethods', 'collections/metadata/eml/EMLAnnotations', 'models/metadata/eml211/EMLAnnotation']","['$', '_', 'Backbone', 'uuid', 'Units', 'ScienceMetadata', 'DataONEObject', 'EMLGeoCoverage', 'EMLKeywordSet', 'EMLTaxonCoverage', 'EMLTemporalCoverage', 'EMLDistribution', 'EMLEntity', 'EMLDataTable', 'EMLOtherEntity', 'EMLParty', 'EMLProject', 'EMLText', 'EMLMethods', 'EMLAnnotations', 'EMLAnnotation']",21,21,[],[],[],true
metacatui-es6/src/js/models/metadata/eml211/EMLMeasurementScale.js,model,,"['jquery', 'underscore', 'backbone', 'models/metadata/eml211/EMLNonNumericDomain', 'models/metadata/eml211/EMLNumericDomain', 'models/metadata/eml211/EMLDateTimeDomain']","['$', '_', 'Backbone', 'EMLNonNumericDomain', 'EMLNumericDomain', 'EMLDateTimeDomain']",6,6,[],[],[],EMLMeasurementScale
metacatui-es6/src/js/models/metadata/eml211/EMLNumericDomain.js,model,,"['jquery', 'underscore', 'backbone', 'models/DataONEObject']","['$', '_', 'Backbone', 'DataONEObject']",4,4,[],[],[],EMLNumericDomain
metacatui-es6/src/js/models/metadata/eml211/EMLText.js,model,,"['jquery', 'underscore', 'backbone', 'models/DataONEObject']","['$', '_', 'Backbone', 'DataONEObject']",4,4,[],[],[],text
metacatui-es6/src/js/models/metadata/eml211/EMLDateTimeDomain.js,model,,"['jquery', 'underscore', 'backbone', 'models/DataONEObject']","['$', '_', 'Backbone', 'DataONEObject']",4,4,[],[],[],EMLDateTimeDomain
metacatui-es6/src/js/models/metadata/eml211/EMLTaxonCoverage.js,model,,"['jquery', 'underscore', 'backbone', 'models/DataONEObject']","['$', '_', 'Backbone', 'DataONEObject']",4,4,[],[],[],EMLTaxonCoverage
metacatui-es6/src/js/models/metadata/eml211/EMLUnit.js,model,,"['jquery', 'underscore', 'backbone']","['$', '_', 'Backbone']",3,3,[],[],[],EMLUnit
metacatui-es6/src/js/models/analytics/GoogleAnalytics.js,model,,['models/analytics/Analytics'],['Analytics'],1,1,[],[],[],GoogleAnalytics
metacatui-es6/src/js/models/analytics/Analytics.js,model,,['backbone'],['Backbone'],1,1,[],[],[],Analytics
metacatui-es6/src/js/themes/drp/models/Map.js,model,drp,"['jquery', 'underscore', 'backbone', 'gmaps', 'models/BaseMap']","['$', '_', 'Backbone', 'gmaps', 'BaseMap']",5,5,[],[],[],Map
metacatui-es6/src/js/themes/arctic/models/Map.js,model,arctic,"['jquery', 'underscore', 'backbone', 'gmaps']","['$', '_', 'Backbone', 'gmaps']",4,4,[],[],[],Map
metacatui-es6/src/js/themes/sctld/models/Map.js,model,sctld,"['jquery', 'underscore', 'backbone', 'gmaps', 'models/BaseMap']","['$', '_', 'Backbone', 'gmaps', 'BaseMap']",5,5,[],[],[],Map
metacatui-es6/src/js/collections/ObjectFormats.js,collection,,"['jquery', 'underscore', 'backbone', 'x2js', 'models/formats/ObjectFormat']","['$', '_', 'Backbone', 'X2JS', 'ObjectFormat']",5,5,[],[],[],ObjectFormats
metacatui-es6/src/js/collections/DataPackage.js,collection,,"['jquery', 'underscore', 'backbone', 'rdflib', 'uuid', 'md5', 'collections/SolrResults', 'models/filters/Filter', 'models/DataONEObject', 'models/metadata/ScienceMetadata', 'models/metadata/eml211/EML211']","['$', '_', 'Backbone', 'rdf', 'uuid', 'md5', 'SolrResults', 'Filter', 'DataONEObject', 'ScienceMetadata', 'EML211']",11,11,[],[],[],m
metacatui-es6/src/js/collections/Citations.js,collection,,"['jquery', 'underscore', 'backbone', 'models/CitationModel']","['$', '_', 'Backbone', 'CitationModel']",4,4,[],[],[],Citations
metacatui-es6/src/js/collections/AccessPolicy.js,collection,,"['jquery', 'underscore', 'backbone', 'models/AccessRule']","['$', '_', 'Backbone', 'AccessRule']",4,4,[],[],[],AccessPolicy
metacatui-es6/src/js/collections/UserGroup.js,collection,,"['jquery', 'underscore', 'backbone', 'models/UserModel']","['$', '_', 'Backbone', 'UserModel']",4,4,[],[],[],UserGroup
metacatui-es6/src/js/collections/Units.js,collection,,"['jquery', 'underscore', 'backbone', 'x2js', 'models/metadata/eml211/EMLUnit']","['$', '_', 'Backbone', 'X2JS', 'EMLUnit']",5,5,[],[],[],Units
metacatui-es6/src/js/collections/ProjectList.js,collection,,"['jquery', 'backbone', 'models/projects/Project']","['$', 'Backbone', 'Project']",3,3,[],[],[],ProjectList
metacatui-es6/src/js/collections/QualityReport.js,collection,,"['jquery', 'underscore', 'backbone', 'rdflib', 'uuid', 'md5', 'models/QualityCheckModel']","['$', '_', 'Backbone', 'rdf', 'uuid', 'md5', 'QualityCheck']",7,7,[],[],[],color
metacatui-es6/src/js/collections/Filters.js,collection,,"['jquery', 'underscore', 'backbone', 'models/filters/Filter', 'models/filters/BooleanFilter', 'models/filters/ChoiceFilter', 'models/filters/DateFilter', 'models/filters/NumericFilter', 'models/filters/ToggleFilter', 'models/filters/SpatialFilter']","['$', '_', 'Backbone', 'Filter', 'BooleanFilter', 'ChoiceFilter', 'DateFilter', 'NumericFilter', 'ToggleFilter', 'SpatialFilter']",10,10,[],[],[],Filters
metacatui-es6/src/js/collections/SolrResults.js,collection,,"['jquery', 'underscore', 'backbone', 'models/SolrHeader', 'models/SolrResult']","['$', '_', 'Backbone', 'SolrHeader', 'SolrResult']",5,5,[],[],[],SolrResults
metacatui-es6/src/js/collections/maps/Geohashes.js,collection,,"['jquery', 'underscore', 'backbone', 'nGeohash', 'models/maps/Geohash']","['$', '_', 'Backbone', 'nGeohash', 'Geohash']",5,5,[],[],[],Geohashes
metacatui-es6/src/js/collections/maps/Features.js,collection,,"['jquery', 'underscore', 'backbone', 'models/maps/Feature']","['$', '_', 'Backbone', 'Feature']",4,4,[],[],[],Features
metacatui-es6/src/js/collections/maps/VectorFilters.js,collection,,"['jquery', 'underscore', 'backbone', 'models/maps/VectorFilter']","['$', '_', 'Backbone', 'VectorFilter']",4,4,[],[],[],VectorFilters
metacatui-es6/src/js/collections/maps/AssetColors.js,collection,,"['jquery', 'underscore', 'backbone', 'models/maps/AssetColor']","['$', '_', 'Backbone', 'AssetColor']",4,4,[],[],[],AssetColors
metacatui-es6/src/js/collections/maps/MapAssets.js,collection,,"['jquery', 'underscore', 'backbone', 'models/maps/assets/MapAsset', 'models/maps/assets/Cesium3DTileset', 'models/maps/assets/CesiumVectorData', 'models/maps/assets/CesiumImagery', 'models/maps/assets/CesiumTerrain', 'models/maps/assets/CesiumGeohash']","['$', '_', 'Backbone', 'MapAsset', 'Cesium3DTileset', 'CesiumVectorData', 'CesiumImagery', 'CesiumTerrain', 'CesiumGeohash']",9,9,[],[],[],MapAssets
metacatui-es6/src/js/collections/bookkeeper/Quotas.js,collection,,"['jquery', 'underscore', 'backbone', 'models/bookkeeper/Quota']","['$', '_', 'Backbone', 'Quota']",4,4,[],[],[],Quotas
metacatui-es6/src/js/collections/bookkeeper/Usages.js,collection,,"['jquery', 'underscore', 'backbone', 'models/bookkeeper/Usage', 'models/bookkeeper/Quota']","['$', '_', 'Backbone', 'Usage', 'Quota']",5,5,[],[],[],Usages
metacatui-es6/src/js/collections/queryFields/QueryFields.js,collection,,"['jquery', 'underscore', 'backbone', 'x2js', 'models/queryFields/QueryField']","['$', '_', 'Backbone', 'X2JS', 'QueryField']",5,5,[],[],[],QueryFields
metacatui-es6/src/js/collections/metadata/eml/EMLAnnotations.js,collection,,"['jquery', 'underscore', 'backbone', 'models/metadata/eml211/EMLAnnotation']","['$', '_', 'Backbone', 'EMLAnnotation']",4,4,[],[],[],EMLAnnotations
metacatui-es6/src/js/collections/metadata/eml/EMLMissingValueCodes.js,collection,,"['backbone', 'models/metadata/eml211/EMLMissingValueCode']","['Backbone', 'EMLMissingValueCode']",2,2,[],[],[],EMLMissingValueCodes
metacatui-es6/src/js/routers/router.js,router,,"['jquery', 'underscore', 'backbone']","['$', '_', 'Backbone']",3,3,[],[],[],UIRouter
metacatui-es6/src/js/themes/dataone/routers/router.js,router,dataone,"['jquery', 'underscore', 'backbone', 'routers/BaseRouter']","['$', '_', 'Backbone', 'BaseRouter']",4,4,[],[],[],UIRouter
metacatui-es6/src/js/themes/drp/routers/router.js,router,drp,"['jquery', 'underscore', 'backbone', 'routers/BaseRouter']","['$', '_', 'Backbone', 'BaseRouter']",4,4,[],[],[],UIRouter
metacatui-es6/src/js/themes/arctic/routers/router.js,router,arctic,"['jquery', 'underscore', 'backbone']","['$', '_', 'Backbone']",3,3,[],[],[],UIRouter
metacatui-es6/src/js/themes/sctld/routers/router.js,router,sctld,"['jquery', 'underscore', 'backbone', 'routers/BaseRouter']","['$', '_', 'Backbone', 'BaseRouter']",4,4,[],[],[],UIRouter
metacatui-es6/src/js/themes/knb/routers/router.js,router,knb,"['jquery', 'underscore', 'backbone', 'routers/BaseRouter']","['$', '_', 'Backbone', 'BaseRouter']",4,4,[],[],[],KNBRouter
metacatui-es6/src/config/config.js,config,,[],[],0,0,[],[],"['No require/define statement found', 'No return statement found']",
metacatui-es6/src/js/themes/dataone/config.js,config,dataone,[],[],0,0,[],[],"['No require/define statement found', 'No return statement found']",
metacatui-es6/src/js/themes/drp/config.js,config,drp,[],[],0,0,[],[],"['No require/define statement found', 'No return statement found']",
metacatui-es6/src/js/themes/arctic/config.js,config,arctic,[],[],0,0,[],[],"['No require/define statement found', 'No return statement found']",
metacatui-es6/src/js/themes/sctld/config.js,config,sctld,[],[],0,0,[],[],"['No require/define statement found', 'No return statement found']",
metacatui-es6/src/js/themes/default/config.js,config,default,[],[],0,0,[],[],"['No require/define statement found', 'No return statement found']",
metacatui-es6/src/js/themes/knb/config.js,config,knb,[],[],0,0,[],[],"['No require/define statement found', 'No return statement found']",
metacatui-es6/src/loader.js,other,,[],[],0,0,[],[],"['No require/define statement found', 'No return statement found']",
metacatui-es6/src/config/dev/dataone-stage-bookkeeper.js,other,,[],[],0,0,[],[],"['No require/define statement found', 'No return statement found']",
metacatui-es6/src/config/dev/sfwmd.js,other,,[],[],0,0,[],[],"['No require/define statement found', 'No return statement found']",
metacatui-es6/src/config/dev/prod-test.js,other,,[],[],0,0,[],[],"['No require/define statement found', 'No return statement found']",
metacatui-es6/src/config/dev/dataone-plus-preview.js,other,,[],[],0,0,[],[],"['No require/define statement found', 'No return statement found']",
metacatui-es6/src/config/dev/search.test.js,other,,[],[],0,0,[],[],"['No require/define statement found', 'No return statement found']",
metacatui-es6/src/config/dev/search-demo.js,other,,[],[],0,0,[],[],"['No require/define statement found', 'No return statement found']",
metacatui-es6/src/config/dev/server.js,other,,[],[],0,0,[],[],"['No require/define statement found', 'No return statement found']",
metacatui-es6/src/config/dev/test.arcticdata-bookkeeper.js,other,,[],[],0,0,[],[],"['No require/define statement found', 'No return statement found']",
metacatui-es6/src/config/dev/test.arcticdata.js,other,,[],[],0,0,[],[],"['No require/define statement found', 'No return statement found']",
metacatui-es6/src/config/dev/sctld.test.dataone.js,other,,[],[],0,0,[],[],"['No require/define statement found', 'No return statement found']",
metacatui-es6/src/config/dev/search-stage.js,other,,[],[],0,0,[],[],"['No require/define statement found', 'No return statement found']",
metacatui-es6/src/config/dev/search-sandbox.js,other,,[],[],0,0,[],[],"['No require/define statement found', 'No return statement found']",
metacatui-es6/src/config/dev/demo.arcticdata.js,other,,[],[],0,0,[],[],"['No require/define statement found', 'No return statement found']",
metacatui-es6/src/config/dev/dev.nceas.js,other,,[],[],0,0,[],[],"['No require/define statement found', 'No return statement found']",
metacatui-es6/src/config/dev/default-stage.js,other,,[],[],0,0,[],[],"['No require/define statement found', 'No return statement found']",
metacatui-es6/src/js/polyfill.js,other,,[],[],0,0,[],[],"['No require/define statement found', 'No return statement found']",
metacatui-es6/src/js/app.js,other,,[],[],0,0,[],[],"['No require/define statement found', 'No return statement found']",
metacatui-es6/src/js/common/Utilities.js,other,,"['jquery', 'underscore']","['$', '_']",2,2,[],[],[],Utilities
